Business,Source,Phone,Rating,Website,Issues,Pitch
"Aspen Dental - Pompano Beach, FL",Yelp,(954) 633-0083,2.8,https://www.yelp.com/biz/aspen-dental-pompano-beach?adjust_creative=9Ziwk41WXq2g2E7yqJt49Q&utm_campaign=yelp_api_v3&utm_medium=api_v3_business_search&utm_source=9Ziwk41WXq2g2E7yqJt49Q,"broken website, poor reviews (2.8★)","Hi there, I came across Aspen Dental - Pompano Beach, FL online and noticed your website appears to be down or returning errors. A broken site can cost you customers daily. I specialise in quick website fixes and rebuilds — I can have you back online fast. Would you like a free assessment?"
Philip Pine,Yelp,(954) 782-1992,1.0,https://www.yelp.com/biz/philip-pine-pompano-beach?adjust_creative=9Ziwk41WXq2g2E7yqJt49Q&utm_campaign=yelp_api_v3&utm_medium=api_v3_business_search&utm_source=9Ziwk41WXq2g2E7yqJt49Q,"broken website, poor reviews (1.0★)","Hi there, I came across Philip Pine online and noticed your website appears to be down or returning errors. A broken site can cost you customers daily. I specialise in quick website fixes and rebuilds — I can have you back online fast. Would you like a free assessment?"
Teeth Whitening Pros,Yelp,(954) 918-6600,3.3,https://www.yelp.com/biz/teeth-whitening-pros-pompano-beach?adjust_creative=9Ziwk41WXq2g2E7yqJt49Q&utm_campaign=yelp_api_v3&utm_medium=api_v3_business_search&utm_source=9Ziwk41WXq2g2E7yqJt49Q,"broken website, poor reviews (3.3★)","Hi there, I came across Teeth Whitening Pros online and noticed your website appears to be down or returning errors. A broken site can cost you customers daily. I specialise in quick website fixes and rebuilds — I can have you back online fast. Would you like a free assessment?"
Oakland Park Modern Dentistry,Yelp,(954) 261-5665,3.3,https://www.yelp.com/biz/oakland-park-modern-dentistry-oakland-park?adjust_creative=9Ziwk41WXq2g2E7yqJt49Q&utm_campaign=yelp_api_v3&utm_medium=api_v3_business_search&utm_source=9Ziwk41WXq2g2E7yqJt49Q,"broken website, poor reviews (3.3★)","Hi there, I came across Oakland Park Modern Dentistry online and noticed your website appears to be down or returning errors. A broken site can cost you customers daily. I specialise in quick website fixes and rebuilds — I can have you back online fast. Would you like a free assessment?"
AAA School of Dental Assisting,Yelp,(754) 800-5249,2.7,https://www.yelp.com/biz/aaa-school-of-dental-assisting-pompano-beach?adjust_creative=9Ziwk41WXq2g2E7yqJt49Q&utm_campaign=yelp_api_v3&utm_medium=api_v3_business_search&utm_source=9Ziwk41WXq2g2E7yqJt49Q,"broken website, poor reviews (2.7★)","Hi there, I came across AAA School of Dental Assisting online and noticed your website appears to be down or returning errors. A broken site can cost you customers daily. I specialise in quick website fixes and rebuilds — I can have you back online fast. Would you like a free assessment?"
DeSenze Dentistry and Associates,Yelp,(954) 785-3210,4.9,https://www.yelp.com/biz/desenze-dentistry-and-associates-pompano-beach-2?adjust_creative=9Ziwk41WXq2g2E7yqJt49Q&utm_campaign=yelp_api_v3&utm_medium=api_v3_business_search&utm_source=9Ziwk41WXq2g2E7yqJt49Q,broken website,"Hi there, I came across DeSenze Dentistry and Associates online and noticed your website appears to be down or returning errors. A broken site can cost you customers daily. I specialise in quick website fixes and rebuilds — I can have you back online fast. Would you like a free assessment?"
"Brian P Rask, DMD, PA",Yelp,(954) 782-1864,5.0,https://www.yelp.com/biz/brian-p-rask-dmd-pa-pompano-beach-4?adjust_creative=9Ziwk41WXq2g2E7yqJt49Q&utm_campaign=yelp_api_v3&utm_medium=api_v3_business_search&utm_source=9Ziwk41WXq2g2E7yqJt49Q,broken website,"Hi there, I came across Brian P Rask, DMD, PA online and noticed your website appears to be down or returning errors. A broken site can cost you customers daily. I specialise in quick website fixes and rebuilds — I can have you back online fast. Would you like a free assessment?"
"Eric Mohr, DMD",Yelp,(954) 785-1102,4.7,https://www.yelp.com/biz/eric-mohr-dmd-pompano-beach-5?adjust_creative=9Ziwk41WXq2g2E7yqJt49Q&utm_campaign=yelp_api_v3&utm_medium=api_v3_business_search&utm_source=9Ziwk41WXq2g2E7yqJt49Q,broken website,"Hi there, I came across Eric Mohr, DMD online and noticed your website appears to be down or returning errors. A broken site can cost you customers daily. I specialise in quick website fixes and rebuilds — I can have you back online fast. Would you like a free assessment?"
Affordable Dental Center of Pompano,Yelp,(954) 784-7771,4.5,https://www.yelp.com/biz/affordable-dental-center-of-pompano-lighthouse-point?adjust_creative=9Ziwk41WXq2g2E7yqJt49Q&utm_campaign=yelp_api_v3&utm_medium=api_v3_business_search&utm_source=9Ziwk41WXq2g2E7yqJt49Q,broken website,"Hi there, I came across Affordable Dental Center of Pompano online and noticed your website appears to be down or returning errors. A broken site can cost you customers daily. I specialise in quick website fixes and rebuilds — I can have you back online fast. Would you like a free assessment?"
"South Florida Smile Spa, Nicole M. Berger, DDS",Yelp,(954) 785-1100,4.5,https://www.yelp.com/biz/south-florida-smile-spa-nicole-m-berger-dds-pompano-beach-6?adjust_creative=9Ziwk41WXq2g2E7yqJt49Q&utm_campaign=yelp_api_v3&utm_medium=api_v3_business_search&utm_source=9Ziwk41WXq2g2E7yqJt49Q,broken website,"Hi there, I came across South Florida Smile Spa, Nicole M. Berger, DDS online and noticed your website appears to be down or returning errors. A broken site can cost you customers daily. I specialise in quick website fixes and rebuilds — I can have you back online fast. Would you like a free assessment?"
Caring Dental Services Pompano,Yelp,(954) 942-4048,4.5,https://www.yelp.com/biz/caring-dental-services-pompano-pompano-beach?adjust_creative=9Ziwk41WXq2g2E7yqJt49Q&utm_campaign=yelp_api_v3&utm_medium=api_v3_business_search&utm_source=9Ziwk41WXq2g2E7yqJt49Q,broken website,"Hi there, I came across Caring Dental Services Pompano online and noticed your website appears to be down or returning errors. A broken site can cost you customers daily. I specialise in quick website fixes and rebuilds — I can have you back online fast. Would you like a free assessment?"
Simple Dental and Orthodontics,Yelp,(954) 979-3515,4.6,https://www.yelp.com/biz/simple-dental-and-orthodontics-pompano-beach-2?adjust_creative=9Ziwk41WXq2g2E7yqJt49Q&utm_campaign=yelp_api_v3&utm_medium=api_v3_business_search&utm_source=9Ziwk41WXq2g2E7yqJt49Q,broken website,"Hi there, I came across Simple Dental and Orthodontics online and noticed your website appears to be down or returning errors. A broken site can cost you customers daily. I specialise in quick website fixes and rebuilds — I can have you back online fast. Would you like a free assessment?"
JJ Dental,Yelp,(954) 972-1000,5.0,https://www.yelp.com/biz/jj-dental-pompano-beach?adjust_creative=9Ziwk41WXq2g2E7yqJt49Q&utm_campaign=yelp_api_v3&utm_medium=api_v3_business_search&utm_source=9Ziwk41WXq2g2E7yqJt49Q,broken website,"Hi there, I came across JJ Dental online and noticed your website appears to be down or returning errors. A broken site can cost you customers daily. I specialise in quick website fixes and rebuilds — I can have you back online fast. Would you like a free assessment?"
Bayview Dentistry,Yelp,(561) 947-5063,0.0,https://www.yelp.com/biz/bayview-dentistry-fort-lauderdale?adjust_creative=9Ziwk41WXq2g2E7yqJt49Q&utm_campaign=yelp_api_v3&utm_medium=api_v3_business_search&utm_source=9Ziwk41WXq2g2E7yqJt49Q,broken website,"Hi there, I came across Bayview Dentistry online and noticed your website appears to be down or returning errors. A broken site can cost you customers daily. I specialise in quick website fixes and rebuilds — I can have you back online fast. Would you like a free assessment?"
Dedicated Dental Group,Yelp,(954) 796-9900,4.8,https://www.yelp.com/biz/dedicated-dental-group-parkland-7?adjust_creative=9Ziwk41WXq2g2E7yqJt49Q&utm_campaign=yelp_api_v3&utm_medium=api_v3_business_search&utm_source=9Ziwk41WXq2g2E7yqJt49Q,broken website,"Hi there, I came across Dedicated Dental Group online and noticed your website appears to be down or returning errors. A broken site can cost you customers daily. I specialise in quick website fixes and rebuilds — I can have you back online fast. Would you like a free assessment?"
Amalia Quinones - Bayview Dental,Yelp,(954) 870-4900,4.6,https://www.yelp.com/biz/amalia-quinones-bayview-dental-fort-lauderdale-9?adjust_creative=9Ziwk41WXq2g2E7yqJt49Q&utm_campaign=yelp_api_v3&utm_medium=api_v3_business_search&utm_source=9Ziwk41WXq2g2E7yqJt49Q,broken website,"Hi there, I came across Amalia Quinones - Bayview Dental online and noticed your website appears to be down or returning errors. A broken site can cost you customers daily. I specialise in quick website fixes and rebuilds — I can have you back online fast. Would you like a free assessment?"
Boca Dental Group,Yelp,(561) 325-7927,4.6,https://www.yelp.com/biz/boca-dental-group-boca-raton-5?adjust_creative=9Ziwk41WXq2g2E7yqJt49Q&utm_campaign=yelp_api_v3&utm_medium=api_v3_business_search&utm_source=9Ziwk41WXq2g2E7yqJt49Q,broken website,"Hi there, I came across Boca Dental Group online and noticed your website appears to be down or returning errors. A broken site can cost you customers daily. I specialise in quick website fixes and rebuilds — I can have you back online fast. Would you like a free assessment?"
"Alan Slootsky, DMD",Yelp,(954) 590-0538,4.0,https://www.yelp.com/biz/alan-slootsky-dmd-pompano-beach-4?adjust_creative=9Ziwk41WXq2g2E7yqJt49Q&utm_campaign=yelp_api_v3&utm_medium=api_v3_business_search&utm_source=9Ziwk41WXq2g2E7yqJt49Q,broken website,"Hi there, I came across Alan Slootsky, DMD online and noticed your website appears to be down or returning errors. A broken site can cost you customers daily. I specialise in quick website fixes and rebuilds — I can have you back online fast. Would you like a free assessment?"
Brite Smile,Yelp,(954) 247-5360,0.0,https://www.yelp.com/biz/brite-smile-pompano-beach?adjust_creative=9Ziwk41WXq2g2E7yqJt49Q&utm_campaign=yelp_api_v3&utm_medium=api_v3_business_search&utm_source=9Ziwk41WXq2g2E7yqJt49Q,broken website,"Hi there, I came across Brite Smile online and noticed your website appears to be down or returning errors. A broken site can cost you customers daily. I specialise in quick website fixes and rebuilds — I can have you back online fast. Would you like a free assessment?"
"Gregory Gertsen, DDS",Yelp,(954) 941-7778,4.5,https://www.yelp.com/biz/gregory-gertsen-dds-lighthouse-point?adjust_creative=9Ziwk41WXq2g2E7yqJt49Q&utm_campaign=yelp_api_v3&utm_medium=api_v3_business_search&utm_source=9Ziwk41WXq2g2E7yqJt49Q,broken website,"Hi there, I came across Gregory Gertsen, DDS online and noticed your website appears to be down or returning errors. A broken site can cost you customers daily. I specialise in quick website fixes and rebuilds — I can have you back online fast. Would you like a free assessment?"
My Pompano Dentist,Yelp,(954) 941-2412,3.9,https://www.yelp.com/biz/my-pompano-dentist-pompano-beach-7?adjust_creative=9Ziwk41WXq2g2E7yqJt49Q&utm_campaign=yelp_api_v3&utm_medium=api_v3_business_search&utm_source=9Ziwk41WXq2g2E7yqJt49Q,broken website,"Hi there, I came across My Pompano Dentist online and noticed your website appears to be down or returning errors. A broken site can cost you customers daily. I specialise in quick website fixes and rebuilds — I can have you back online fast. Would you like a free assessment?"
Gold Coast Dental Center,Yelp,(954) 771-5300,4.0,https://www.yelp.com/biz/gold-coast-dental-center-fort-lauderdale-2?adjust_creative=9Ziwk41WXq2g2E7yqJt49Q&utm_campaign=yelp_api_v3&utm_medium=api_v3_business_search&utm_source=9Ziwk41WXq2g2E7yqJt49Q,broken website,"Hi there, I came across Gold Coast Dental Center online and noticed your website appears to be down or returning errors. A broken site can cost you customers daily. I specialise in quick website fixes and rebuilds — I can have you back online fast. Would you like a free assessment?"
Smiles by Dr. Josh,Yelp,(954) 522-4900,4.8,https://www.yelp.com/biz/smiles-by-dr-josh-fort-lauderdale?adjust_creative=9Ziwk41WXq2g2E7yqJt49Q&utm_campaign=yelp_api_v3&utm_medium=api_v3_business_search&utm_source=9Ziwk41WXq2g2E7yqJt49Q,broken website,"Hi there, I came across Smiles by Dr. Josh online and noticed your website appears to be down or returning errors. A broken site can cost you customers daily. I specialise in quick website fixes and rebuilds — I can have you back online fast. Would you like a free assessment?"
The House of Dentistry,Yelp,(954) 870-6970,4.6,https://www.yelp.com/biz/the-house-of-dentistry-wilton-manors-6?adjust_creative=9Ziwk41WXq2g2E7yqJt49Q&utm_campaign=yelp_api_v3&utm_medium=api_v3_business_search&utm_source=9Ziwk41WXq2g2E7yqJt49Q,broken website,"Hi there, I came across The House of Dentistry online and noticed your website appears to be down or returning errors. A broken site can cost you customers daily. I specialise in quick website fixes and rebuilds — I can have you back online fast. Would you like a free assessment?"
"Gregg R Weinstein, DDS",Yelp,(561) 392-1606,4.8,https://www.yelp.com/biz/gregg-r-weinstein-dds-boca-raton?adjust_creative=9Ziwk41WXq2g2E7yqJt49Q&utm_campaign=yelp_api_v3&utm_medium=api_v3_business_search&utm_source=9Ziwk41WXq2g2E7yqJt49Q,broken website,"Hi there, I came across Gregg R Weinstein, DDS online and noticed your website appears to be down or returning errors. A broken site can cost you customers daily. I specialise in quick website fixes and rebuilds — I can have you back online fast. Would you like a free assessment?"
Alpha Dental Practice & Implant Center,Yelp,(954) 575-0033,4.5,https://www.yelp.com/biz/alpha-dental-practice-and-implant-center-coral-springs?adjust_creative=9Ziwk41WXq2g2E7yqJt49Q&utm_campaign=yelp_api_v3&utm_medium=api_v3_business_search&utm_source=9Ziwk41WXq2g2E7yqJt49Q,broken website,"Hi there, I came across Alpha Dental Practice & Implant Center online and noticed your website appears to be down or returning errors. A broken site can cost you customers daily. I specialise in quick website fixes and rebuilds — I can have you back online fast. Would you like a free assessment?"
Florida Smiles Dental,Yelp,(954) 943-2466,4.2,https://www.yelp.com/biz/florida-smiles-dental-lighthouse-point-6?adjust_creative=9Ziwk41WXq2g2E7yqJt49Q&utm_campaign=yelp_api_v3&utm_medium=api_v3_business_search&utm_source=9Ziwk41WXq2g2E7yqJt49Q,broken website,"Hi there, I came across Florida Smiles Dental online and noticed your website appears to be down or returning errors. A broken site can cost you customers daily. I specialise in quick website fixes and rebuilds — I can have you back online fast. Would you like a free assessment?"
Smile Dental Care,Yelp,(954) 781-6170,5.0,https://www.yelp.com/biz/smile-dental-care-pompano-beach?adjust_creative=9Ziwk41WXq2g2E7yqJt49Q&utm_campaign=yelp_api_v3&utm_medium=api_v3_business_search&utm_source=9Ziwk41WXq2g2E7yqJt49Q,broken website,"Hi there, I came across Smile Dental Care online and noticed your website appears to be down or returning errors. A broken site can cost you customers daily. I specialise in quick website fixes and rebuilds — I can have you back online fast. Would you like a free assessment?"
Oceanside Gentle Dentistry,Yelp,(754) 238-1038,4.2,https://www.yelp.com/biz/oceanside-gentle-dentistry-pompano-beach?adjust_creative=9Ziwk41WXq2g2E7yqJt49Q&utm_campaign=yelp_api_v3&utm_medium=api_v3_business_search&utm_source=9Ziwk41WXq2g2E7yqJt49Q,broken website,"Hi there, I came across Oceanside Gentle Dentistry online and noticed your website appears to be down or returning errors. A broken site can cost you customers daily. I specialise in quick website fixes and rebuilds — I can have you back online fast. Would you like a free assessment?"
Smiles By Julia,Yelp,(954) 493-6556,4.6,https://www.yelp.com/biz/smiles-by-julia-fort-lauderdale-2?adjust_creative=9Ziwk41WXq2g2E7yqJt49Q&utm_campaign=yelp_api_v3&utm_medium=api_v3_business_search&utm_source=9Ziwk41WXq2g2E7yqJt49Q,broken website,"Hi there, I came across Smiles By Julia online and noticed your website appears to be down or returning errors. A broken site can cost you customers daily. I specialise in quick website fixes and rebuilds — I can have you back online fast. Would you like a free assessment?"
Hart to Hart Dental,Yelp,(954) 376-3676,4.9,https://www.yelp.com/biz/hart-to-hart-dental-oakland-park-3?adjust_creative=9Ziwk41WXq2g2E7yqJt49Q&utm_campaign=yelp_api_v3&utm_medium=api_v3_business_search&utm_source=9Ziwk41WXq2g2E7yqJt49Q,broken website,"Hi there, I came across Hart to Hart Dental online and noticed your website appears to be down or returning errors. A broken site can cost you customers daily. I specialise in quick website fixes and rebuilds — I can have you back online fast. Would you like a free assessment?"
Davis John M. III D.D.S. P.A,Yelp,(954) 941-3003,5.0,https://www.yelp.com/biz/john-davis-iii-dds-pompano-beach?adjust_creative=9Ziwk41WXq2g2E7yqJt49Q&utm_campaign=yelp_api_v3&utm_medium=api_v3_business_search&utm_source=9Ziwk41WXq2g2E7yqJt49Q,broken website,"Hi there, I came across Davis John M. III D.D.S. P.A online and noticed your website appears to be down or returning errors. A broken site can cost you customers daily. I specialise in quick website fixes and rebuilds — I can have you back online fast. Would you like a free assessment?"
Dentistry by the Sea,Yelp,(954) 771-1117,4.7,https://www.yelp.com/biz/dentistry-by-the-sea-lauderdale-by-the-sea-2?adjust_creative=9Ziwk41WXq2g2E7yqJt49Q&utm_campaign=yelp_api_v3&utm_medium=api_v3_business_search&utm_source=9Ziwk41WXq2g2E7yqJt49Q,broken website,"Hi there, I came across Dentistry by the Sea online and noticed your website appears to be down or returning errors. A broken site can cost you customers daily. I specialise in quick website fixes and rebuilds — I can have you back online fast. Would you like a free assessment?"
Affordable Dental Center of Broward County,Yelp,(954) 941-7048,5.0,https://www.yelp.com/biz/affordable-dental-center-of-broward-county-pompano-beach?adjust_creative=9Ziwk41WXq2g2E7yqJt49Q&utm_campaign=yelp_api_v3&utm_medium=api_v3_business_search&utm_source=9Ziwk41WXq2g2E7yqJt49Q,broken website,"Hi there, I came across Affordable Dental Center of Broward County online and noticed your website appears to be down or returning errors. A broken site can cost you customers daily. I specialise in quick website fixes and rebuilds — I can have you back online fast. Would you like a free assessment?"
Blanco Eduardo C DDS,Yelp,(954) 946-6626,5.0,https://www.yelp.com/biz/blanco-eduardo-c-dds-pompano-beach?adjust_creative=9Ziwk41WXq2g2E7yqJt49Q&utm_campaign=yelp_api_v3&utm_medium=api_v3_business_search&utm_source=9Ziwk41WXq2g2E7yqJt49Q,broken website,"Hi there, I came across Blanco Eduardo C DDS online and noticed your website appears to be down or returning errors. A broken site can cost you customers daily. I specialise in quick website fixes and rebuilds — I can have you back online fast. Would you like a free assessment?"
"Thomas C Worcester, DDS",Yelp,(954) 941-2606,5.0,https://www.yelp.com/biz/thomas-c-worcester-dds-pompano-beach?adjust_creative=9Ziwk41WXq2g2E7yqJt49Q&utm_campaign=yelp_api_v3&utm_medium=api_v3_business_search&utm_source=9Ziwk41WXq2g2E7yqJt49Q,broken website,"Hi there, I came across Thomas C Worcester, DDS online and noticed your website appears to be down or returning errors. A broken site can cost you customers daily. I specialise in quick website fixes and rebuilds — I can have you back online fast. Would you like a free assessment?"
The Tamarac Dentist,Yelp,(954) 721-2330,5.0,https://www.yelp.com/biz/the-tamarac-dentist-tamarac-2?adjust_creative=9Ziwk41WXq2g2E7yqJt49Q&utm_campaign=yelp_api_v3&utm_medium=api_v3_business_search&utm_source=9Ziwk41WXq2g2E7yqJt49Q,broken website,"Hi there, I came across The Tamarac Dentist online and noticed your website appears to be down or returning errors. A broken site can cost you customers daily. I specialise in quick website fixes and rebuilds — I can have you back online fast. Would you like a free assessment?"
Lighthouse Point Orthodontics,Yelp,(954) 719-7955,5.0,https://www.yelp.com/biz/lighthouse-point-orthodontics-pompano-beach?adjust_creative=9Ziwk41WXq2g2E7yqJt49Q&utm_campaign=yelp_api_v3&utm_medium=api_v3_business_search&utm_source=9Ziwk41WXq2g2E7yqJt49Q,broken website,"Hi there, I came across Lighthouse Point Orthodontics online and noticed your website appears to be down or returning errors. A broken site can cost you customers daily. I specialise in quick website fixes and rebuilds — I can have you back online fast. Would you like a free assessment?"
Ideal Dental Coral Springs,Yelp,(754) 318-1703,4.7,https://www.yelp.com/biz/ideal-dental-coral-springs-coral-springs?adjust_creative=9Ziwk41WXq2g2E7yqJt49Q&utm_campaign=yelp_api_v3&utm_medium=api_v3_business_search&utm_source=9Ziwk41WXq2g2E7yqJt49Q,broken website,"Hi there, I came across Ideal Dental Coral Springs online and noticed your website appears to be down or returning errors. A broken site can cost you customers daily. I specialise in quick website fixes and rebuilds — I can have you back online fast. Would you like a free assessment?"
Emergency Dental,Yelp,(954) 942-4534,3.9,https://www.yelp.com/biz/emergency-dental-lighthouse-point-6?adjust_creative=9Ziwk41WXq2g2E7yqJt49Q&utm_campaign=yelp_api_v3&utm_medium=api_v3_business_search&utm_source=9Ziwk41WXq2g2E7yqJt49Q,broken website,"Hi there, I came across Emergency Dental online and noticed your website appears to be down or returning errors. A broken site can cost you customers daily. I specialise in quick website fixes and rebuilds — I can have you back online fast. Would you like a free assessment?"
Sedation Dental Spa of South Florida,Yelp,(954) 946-8484,4.4,https://www.yelp.com/biz/sedation-dental-spa-of-south-florida-lighthouse-point?adjust_creative=9Ziwk41WXq2g2E7yqJt49Q&utm_campaign=yelp_api_v3&utm_medium=api_v3_business_search&utm_source=9Ziwk41WXq2g2E7yqJt49Q,broken website,"Hi there, I came across Sedation Dental Spa of South Florida online and noticed your website appears to be down or returning errors. A broken site can cost you customers daily. I specialise in quick website fixes and rebuilds — I can have you back online fast. Would you like a free assessment?"
Dental Associates of Boca Raton at Wilton Manors,Yelp,(954) 440-7795,4.5,https://www.yelp.com/biz/dental-associates-of-boca-raton-at-wilton-manors-wilton-manors-2?adjust_creative=9Ziwk41WXq2g2E7yqJt49Q&utm_campaign=yelp_api_v3&utm_medium=api_v3_business_search&utm_source=9Ziwk41WXq2g2E7yqJt49Q,broken website,"Hi there, I came across Dental Associates of Boca Raton at Wilton Manors online and noticed your website appears to be down or returning errors. A broken site can cost you customers daily. I specialise in quick website fixes and rebuilds — I can have you back online fast. Would you like a free assessment?"
Urgent Medical Care,Yelp,(954) 781-7248,4.7,https://www.yelp.com/biz/urgent-medical-care-pompano-beach?adjust_creative=9Ziwk41WXq2g2E7yqJt49Q&utm_campaign=yelp_api_v3&utm_medium=api_v3_business_search&utm_source=9Ziwk41WXq2g2E7yqJt49Q,broken website,"Hi there, I came across Urgent Medical Care online and noticed your website appears to be down or returning errors. A broken site can cost you customers daily. I specialise in quick website fixes and rebuilds — I can have you back online fast. Would you like a free assessment?"
Smiles of Boca,Yelp,(561) 392-3970,5.0,https://www.yelp.com/biz/smiles-of-boca-boca-raton-4?adjust_creative=9Ziwk41WXq2g2E7yqJt49Q&utm_campaign=yelp_api_v3&utm_medium=api_v3_business_search&utm_source=9Ziwk41WXq2g2E7yqJt49Q,broken website,"Hi there, I came across Smiles of Boca online and noticed your website appears to be down or returning errors. A broken site can cost you customers daily. I specialise in quick website fixes and rebuilds — I can have you back online fast. Would you like a free assessment?"
My Dental Office,Yelp,(954) 418-7970,4.3,https://www.yelp.com/biz/my-dental-deerfield-beach?adjust_creative=9Ziwk41WXq2g2E7yqJt49Q&utm_campaign=yelp_api_v3&utm_medium=api_v3_business_search&utm_source=9Ziwk41WXq2g2E7yqJt49Q,broken website,"Hi there, I came across My Dental Office online and noticed your website appears to be down or returning errors. A broken site can cost you customers daily. I specialise in quick website fixes and rebuilds — I can have you back online fast. Would you like a free assessment?"
"Michel Matouk, MD DDS",Yelp,(954) 566-0300,4.6,https://www.yelp.com/biz/michel-matouk-md-dds-fort-lauderdale?adjust_creative=9Ziwk41WXq2g2E7yqJt49Q&utm_campaign=yelp_api_v3&utm_medium=api_v3_business_search&utm_source=9Ziwk41WXq2g2E7yqJt49Q,broken website,"Hi there, I came across Michel Matouk, MD DDS online and noticed your website appears to be down or returning errors. A broken site can cost you customers daily. I specialise in quick website fixes and rebuilds — I can have you back online fast. Would you like a free assessment?"
Coconut Creek Cosmetic and Implant Dentistry,Yelp,(954) 642-2203,4.0,https://www.yelp.com/biz/coconut-creek-cosmetic-and-implant-dentistry-coconut-creek?adjust_creative=9Ziwk41WXq2g2E7yqJt49Q&utm_campaign=yelp_api_v3&utm_medium=api_v3_business_search&utm_source=9Ziwk41WXq2g2E7yqJt49Q,broken website,"Hi there, I came across Coconut Creek Cosmetic and Implant Dentistry online and noticed your website appears to be down or returning errors. A broken site can cost you customers daily. I specialise in quick website fixes and rebuilds — I can have you back online fast. Would you like a free assessment?"
Colella Cosmetic Dentistry,Yelp,(954) 428-6923,3.9,https://www.yelp.com/biz/colella-cosmetic-dentistry-coconut-creek?adjust_creative=9Ziwk41WXq2g2E7yqJt49Q&utm_campaign=yelp_api_v3&utm_medium=api_v3_business_search&utm_source=9Ziwk41WXq2g2E7yqJt49Q,broken website,"Hi there, I came across Colella Cosmetic Dentistry online and noticed your website appears to be down or returning errors. A broken site can cost you customers daily. I specialise in quick website fixes and rebuilds — I can have you back online fast. Would you like a free assessment?"
Angela Berkovich DMD,Yelp,(954) 427-3000,4.1,https://www.yelp.com/biz/angela-berkovich-dmd-deerfield-beach-2?adjust_creative=9Ziwk41WXq2g2E7yqJt49Q&utm_campaign=yelp_api_v3&utm_medium=api_v3_business_search&utm_source=9Ziwk41WXq2g2E7yqJt49Q,broken website,"Hi there, I came across Angela Berkovich DMD online and noticed your website appears to be down or returning errors. A broken site can cost you customers daily. I specialise in quick website fixes and rebuilds — I can have you back online fast. Would you like a free assessment?"
